{"cameraMode":{"drawMode":0,"name":"Shaded","section":"Shading Mode"},"sceneLighting":true,"audioPlay":false,"sceneViewState":{"showFog":true,"showMaterialUpdate":false,"showSkybox":true,"showFlares":true,"showImageEffects":true,"showParticleSystems":true},"in2DMode":false,"pivot":{"x":1.1919468641281129,"y":0.4910176694393158,"z":0.2532244920730591},"rotation":{"x":-0.12176103889942169,"y":0.7954617738723755,"z":-0.1702890843153,"w":-0.5687292218208313},"size":0.32677680253982546,"orthographic":true}